Movie,Year,,Actor,,Role
Jane Eyre,2011,,Mia Wasikowska ,...,Jane Eyre
Jane Eyre,2011,,Jamie Bell ,...,St John Rivers
Jane Eyre,2011,,Su Elliot ,...,Hannah (as Su Elliott)
Jane Eyre,2011,,Holliday Grainger ,...,Diana Rivers
Jane Eyre,2011,,Tamzin Merchant ,...,Mary Rivers
Jane Eyre,2011,,Amelia Clarkson ,...,Young Jane
Jane Eyre,2011,,Craig Roberts ,...,John Reed
Jane Eyre,2011,,Sally Hawkins ,...,Mrs. Reed
Jane Eyre,2011,,Lizzie Hopley ,...,Miss Abbot
Jane Eyre,2011,,Jayne Wisener ,...,Bessie
Jane Eyre,2011,,Freya Wilson ,...,Eliza Reed
Jane Eyre,2011,,Emily Haigh ,...,Georgiana Reed
Jane Eyre,2011,,Simon McBurney ,...,Mr. Brocklehurst
Jane Eyre,2011,,Sandy McDade ,...,Miss Scatcherd
Jane Eyre,2011,,Freya Parks ,...,Helen Burns
Jane Eyre,2011,,Edwina Elek ,...,Miss Temple
Jane Eyre,2011,,Ewart James Walters ,...,John
Jane Eyre,2011,,Judi Dench ,...,Mrs. Fairfax
Jane Eyre,2011,,Georgia Bourke ,...,Leah
Jane Eyre,2011,,Sally Reeve ,...,Martha
Jane Eyre,2011,,Romy Settbon Moore ,...,Adèle Varens
Jane Eyre,2011,,Églantine Rembauville-Nicolle ,...,Sophie (as Églantine Rembauville)
Jane Eyre,2011,,Michael Fassbender ,...,Rochester
Jane Eyre,2011,,Rosie Cavaliero ,...,Grace Poole
Jane Eyre,2011,,Angela Curran ,...,Undercook
Jane Eyre,2011,,Imogen Poots ,...,Blanche Ingram
Jane Eyre,2011,,Sophie Ward ,...,Lady Ingram
Jane Eyre,2011,,Joe Van Moyland ,...,Lord Ingram
Jane Eyre,2011,,Hayden Phillips ,...,Colonel Dent
Jane Eyre,2011,,Laura Phillips ,...,Mrs. Dent
Jane Eyre,2011,,Harry Lloyd ,...,Richard Mason
Jane Eyre,2011,,Ned Dennehy ,...,Dr. Carter
Jane Eyre,2011,,Joseph Kloska ,...,Clergyman Wood
Jane Eyre,2011,,Ben Roberts ,...,Briggs
Jane Eyre,2011,,Valentina Cervi ,...,Bertha Mason
Billy Elliot,2000,,Jamie Bell ,...,Billy
Billy Elliot,2000,,Jean Heywood ,...,Grandma
Billy Elliot,2000,,Jamie Draven ,...,Tony
Billy Elliot,2000,,Gary Lewis ,...,Dad
Billy Elliot,2000,,Stuart Wells ,...,Michael
Billy Elliot,2000,,Mike Elliot ,...,George Watson
Billy Elliot,2000,,Billy Fane ,...,Mr Braithwaite
Billy Elliot,2000,,Nicola Blackwell ,...,Debbie
Billy Elliot,2000,,Julie Walters ,...,Mrs. Wilkinson
Billy Elliot,2000,,Carol McGuigan ,...,Librarian
Billy Elliot,2000,,Joe Renton ,...,Gary Poulson
Billy Elliot,2000,,Colin MacLachlan ,...,Mr. Wilkinson (as Colin Maclachlan)
Billy Elliot,2000,,Janine Birkett ,...,Billy's Mum
Billy Elliot,2000,,Trevor Fox ,...,PC Jeff Peverly
Billy Elliot,2000,,Charlie Hardwick ,...,Sheila Briggs
Rocketman,2019,,Taron Egerton ,...,Elton John
Rocketman,2019,,Jamie Bell ,...,Bernie Taupin
Rocketman,2019,,Richard Madden ,...,John Reid
Rocketman,2019,,Bryce Dallas Howard ,...,Sheila
Rocketman,2019,,Gemma Jones ,...,Ivy
Rocketman,2019,,Steven Mackintosh ,...,Stanley
Rocketman,2019,,Tom Bennett ,...,Fred
Rocketman,2019,,Matthew Illesley ,...,Young Reggie
Rocketman,2019,,Kit Connor ,...,Older Reggie
Rocketman,2019,,Charlie Rowe ,...,Ray Williams
Rocketman,2019,,Peter O'Hanlon ,...,Bobby (as Pete O'Hanlon)
Rocketman,2019,,Ross Farrelly ,...,Cyril
Rocketman,2019,,Evan Walsh ,...,Elton Dean
Rocketman,2019,,Tate Donovan ,...,Doug Weston
Rocketman,2019,,Sharmina Harrower ,...,Heather
Rocketman,2019,,Ophelia Lovibond ,...,Arabella
Rocketman,2019,,Celinde Schoenmaker ,...,Renate
Rocketman,2019,,Harriet Walter ,...,Helen Piena
Rocketman,2019,,Stephen Graham ,...,Dick James
Rocketman,2019,,Sharon D. Clarke ,...,Counselor (as Sharon Clarke)
Rocketman,2019,,Aston McAuley ,...,Dave Godin
Rocketman,2019,,Jason Pennycooke ,...,Wilson
Rocketman,2019,,Alexia Khadime ,...,Diana
Rocketman,2019,,Carl Spencer ,...,Richard
Rocketman,2019,,Jimmy Vee ,...,Arthur
Rocketman,2019,,Leon Delroy Williams ,...,Clint
Rocketman,2019,,David Doyle ,...,Pub Man 1
Rocketman,2019,,Leigh Francis ,...,Pete
Rocketman,2019,,Dickon Tolson ,...,Barman
Rocketman,2019,,Diana Alexandra Pocol ,...,Mary the Receptionist (as Diana Pocol)
Rocketman,2019,,Eddie Mann ,...,Band Member
Rocketman,2019,,Josh McClorey ,...,New Bluesology Band Member
Rocketman,2019,,Rachel Muldoon ,...,Kiki Dee
Sense and Sensibility,1995,,James Fleet ,...,John Dashwood
Sense and Sensibility,1995,,Tom Wilkinson ,...,Mr. Dashwood
Sense and Sensibility,1995,,Harriet Walter ,...,Fanny Dashwood
Sense and Sensibility,1995,,Kate Winslet ,...,Marianne Dashwood
Sense and Sensibility,1995,,Emma Thompson ,...,Elinor Dashwood
Sense and Sensibility,1995,,Gemma Jones ,...,Mrs. Dashwood
Sense and Sensibility,1995,,Hugh Grant ,...,Edward Ferrars
Sense and Sensibility,1995,,Emilie François ,...,Margaret Dashwood
Sense and Sensibility,1995,,Elizabeth Spriggs ,...,Mrs. Jennings
Sense and Sensibility,1995,,Robert Hardy ,...,Sir John Middleton
Sense and Sensibility,1995,,Ian Brimble ,...,Thomas
Sense and Sensibility,1995,,Isabelle Amyes ,...,Betsy
Sense and Sensibility,1995,,Alan Rickman ,...,Colonel Brandon
Sense and Sensibility,1995,,Greg Wise ,...,John Willoughby
Sense and Sensibility,1995,,Alexander John ,...,Curate
Sense and Sensibility,1995,,Imelda Staunton ,...,Charlotte Palmer
Sense and Sensibility,1995,,Imogen Stubbs ,...,Lucy Steele
Sense and Sensibility,1995,,Hugh Laurie ,...,Mr. Palmer
Sense and Sensibility,1995,,Allan Mitchell ,...,Pigeon
Sense and Sensibility,1995,,Josephine Gradwell ,...,Maid to Mrs. Jennings
Sense and Sensibility,1995,,Richard Lumsden ,...,Robert Ferrars
Sense and Sensibility,1995,,Lone Madsen ,...,Miss Grey (as Lone Vidahl)
Sense and Sensibility,1995,,Oliver Ford Davies ,...,Doctor Harris
Sense and Sensibility,1995,,Eleanor McCready ,...,Mrs. Bunting
Emma,1996,,Gwyneth Paltrow ,...,Emma Woodhouse
Emma,1996,,James Cosmo ,...,Mr Weston
Emma,1996,,Greta Scacchi ,...,Mrs Weston
Emma,1996,,Alan Cumming ,...,Mr Elton
Emma,1996,,Denys Hawthorne ,...,Mr Woodhouse
Emma,1996,,Sophie Thompson ,...,Miss Bates
Emma,1996,,Jeremy Northam ,...,Mr Knightley
Emma,1996,,Toni Collette ,...,Harriet Smith
Emma,1996,,Kathleen Byron ,...,Mrs Goddard
Emma,1996,,Phyllida Law ,...,Mrs Bates
Emma,1996,,Edward Woodall ,...,Mr. Martin
Emma,1996,,Brett Miley ,...,Little Boy
Emma,1996,,Brian Capron ,...,John Knightley
Emma,1996,,Karen Westwood ,...,Isabella
Emma,1996,,Paul Williamson ,...,Footman
Emma,1996,,Polly Walker ,...,Jane Fairfax
Emma,1996,,Rebecca Craig ,...,Miss Martin
Emma,1996,,Ewan McGregor ,...,Frank Churchill
Emma,1996,,Angela Down ,...,Mrs Cole
Emma,1996,,John Franklyn-Robbins ,...,Mr Cole (as John Franklyn Robbins)
Emma,1996,,Juliet Stevenson ,...,Mrs Elton
Emma,1996,,Ruth Jones ,...,Bates' Maid
Clueless,1995,,Alicia Silverstone ,...,Cher
Clueless,1995,,Stacey Dash ,...,Dionne
Clueless,1995,,Brittany Murphy ,...,Tai
Clueless,1995,,Paul Rudd ,...,Josh
Clueless,1995,,Donald Faison ,...,Murray
Clueless,1995,,Elisa Donovan ,...,Amber
Clueless,1995,,Breckin Meyer ,...,Travis
Clueless,1995,,Jeremy Sisto ,...,Elton
Clueless,1995,,Dan Hedaya ,...,Mel Horowitz
Clueless,1995,,Aida Linares ,...,Lucy
Clueless,1995,,Wallace Shawn ,...,Mr. Wendell Hall
Clueless,1995,,Twink Caplan ,...,Miss Toby Geist
Clueless,1995,,Justin Walker ,...,Christian
Clueless,1995,,Sabastian Rashidi ,...,Paroudasm
Clueless,1995,,Herb Hall ,...,Principal
Clueless,1995,,Julie Brown ,...,Ms. Stoeger
Clueless,1995,,Susan Mohun ,...,Heather
Clueless,1995,,Nicole Bilderback ,...,Summer
Clueless,1995,,Ron Orbach ,...,DMV Tester
Clueless,1995,,Sean Holland ,...,Lawrence
Clueless,1995,,Roger Kabler ,...,College Guy
Clueless,1995,,Jace Alexander ,...,Robber
Clueless,1995,,Josh Lozoff ,...,Logan
Clueless,1995,,Carl Gottlieb ,...,Priest
Clueless,1995,,Joseph D. Reitman ,...,Student
Clueless,1995,,Anthony Beninati ,...,Bartender
Clueless,1995,,Micki Duran ,...,Dancer
Clueless,1995,,Gregg Russell ,...,Dancer (as Greg Russell)
Clueless,1995,,Jermaine Montell ,...,Dancer
Clueless,1995,,Danielle Eckert ,...,Dancer (as Daniella Eckert)
Princess Bride,1987,,Cary Elwes ,...,Westley
Princess Bride,1987,,Mandy Patinkin ,...,Iñigo Montoya
Princess Bride,1987,,Chris Sarandon ,...,Prince Humperdinck
Princess Bride,1987,,Christopher Guest ,...,Count Rugen
Princess Bride,1987,,Wallace Shawn ,...,Vizzini
Princess Bride,1987,,André René Roussimoff ,...,Fezzik (as Andre the Giant)
Princess Bride,1987,,Fred Savage ,...,The Grandson
Princess Bride,1987,,Robin Wright ,...,The Princess Bride
Princess Bride,1987,,Peter Falk ,...,The Grandfather
Princess Bride,1987,,Peter Cook ,...,The Impressive Clergyman
Princess Bride,1987,,Mel Smith ,...,The Albino
Princess Bride,1987,,Carol Kane ,...,Valerie
Princess Bride,1987,,Billy Crystal ,...,Miracle Max
Princess Bride,1987,,Anne Dyson ,...,The Queen
Princess Bride,1987,,Margery Mason ,...,The Ancient Booer
Princess Bride,1987,,Malcolm Storry ,...,Yellin
Princess Bride,1987,,Willoughby Gray ,...,The King
Princess Bride,1987,,Betsy Brantley ,...,The Mother
Princess Bride,1987,,Paul Badger ,...,The Assistant Brute
This is Spinal Tap,1984,,Rob Reiner ,...,Marty DiBergi
This is Spinal Tap,1984,,Kimberly Stringer ,...,Heavy Metal Fan
This is Spinal Tap,1984,,Chazz Dominguez ,...,Heavy Metal Fan
This is Spinal Tap,1984,,Shari Hall ,...,Heavy Metal Fan
This is Spinal Tap,1984,,R.J. Parnell ,...,Mick Shrimpton
This is Spinal Tap,1984,,David Kaff ,...,Viv Savage
This is Spinal Tap,1984,,Tony Hendra ,...,Ian Faith
This is Spinal Tap,1984,,Michael McKean ,...,David St. Hubbins
This is Spinal Tap,1984,,Christopher Guest ,...,Nigel Tufnel
This is Spinal Tap,1984,,Harry Shearer ,...,Derek Smalls
This is Spinal Tap,1984,,Bruno Kirby ,...,Tommy Pischedda
This is Spinal Tap,1984,,Jean Cromie ,...,Ethereal Fan
This is Spinal Tap,1984,,Patrick Maher ,...,New York M.C.
This is Spinal Tap,1984,,Ed Begley Jr. ,...,John 'Stumpy' Pepys
This is Spinal Tap,1984,,Danny Kortchmar ,...,Ronnie Pudding
This is Spinal Tap,1984,,Fran Drescher ,...,Bobbi Flekman
This is Spinal Tap,1984,,Patrick Macnee ,...,Sir Denis Eton-Hogg (as Patrick MacNee)
This is Spinal Tap,1984,,Memo Vera ,...,Bartender
This is Spinal Tap,1984,,Julie Payne ,...,Mime Waitress
This is Spinal Tap,1984,,Dana Carvey ,...,Mime Waiter
This is Spinal Tap,1984,,Sandy Helberg ,...,Angelo DiMentibelio
This is Spinal Tap,1984,,Robin Menken ,...,Angelo's Associate (as Robin Mencken)
This is Spinal Tap,1984,,Zane Buzby ,...,Rolling Stone Reporter
This is Spinal Tap,1984,,Billy Crystal ,...,Morty the Mime
This is Spinal Tap,1984,,Jennifer Child ,...,Limo Groupie
This is Spinal Tap,1984,,J.J. Barry ,...,Rack Jobber
This is Spinal Tap,1984,,George McDaniel ,...,Southern Rock Promoter
This is Spinal Tap,1984,,Paul Benedict ,...,Tucker 'Smitty' Brown
This is Spinal Tap,1984,,Anne Churchill ,...,Reba
This is Spinal Tap,1984,,Howard Hesseman ,...,Terry Ladd
This is Spinal Tap,1984,,Paul Shortino ,...,Duke Fame
This is Spinal Tap,1984,,Cherie Darr ,...,Fame Groupie
This is Spinal Tap,1984,,Lara Cody ,...,Fame Groupie
This is Spinal Tap,1984,,Andrew J. Lederer ,...,Student Promoter
This is Spinal Tap,1984,,Russ Kunkel ,...,Eric 'Stumpy Joe' Childs
This is Spinal Tap,1984,,Diana Duncan ,...,'Jamboree Bop' Dancer
This is Spinal Tap,1984,,Gina Marie Pitrello ,...,'Jamboree Bop' Dancer
This is Spinal Tap,1984,,June Chadwick ,...,Jeanine Pettibone
This is Spinal Tap,1984,,Victory Tischler-Blue ,...,Cindy (as Vicki Blue)
This is Spinal Tap,1984,,Joyce Hyser ,...,Belinda
This is Spinal Tap,1984,,Gloria Gifford ,...,Airport Security Officer
This is Spinal Tap,1984,,Paul Shaffer ,...,Artie Fufkin
This is Spinal Tap,1984,,Archie Hahn ,...,Room Service Guy
This is Spinal Tap,1984,,Charles Levin ,...,Disc 'n' Dat Manager
This is Spinal Tap,1984,,Wonderful Smith ,...,Janitor
This is Spinal Tap,1984,,Anjelica Huston ,...,Polly Deutsch
This is Spinal Tap,1984,,Chris Romano ,...,Little Druid
This is Spinal Tap,1984,,Daniel Rodgers ,...,Little Druid
This is Spinal Tap,1984,,Fred Willard ,...,Colonel On Military Base
This is Spinal Tap,1984,,Fred Asparagus ,...,Joe 'Mama' Besser
This is Spinal Tap,1984,,Rodney Kemerer ,...,L.A. Party Guest
This is Spinal Tap,1984,,Robert Bauer ,...,Moke
The Simpsons Movie,2007,,Dan Castellaneta ,...,Homer Simpson / Itchy / Barney / Grampa / Stage Manager / Krusty the Clown / Mayor Quimby / Mayor's Aide / Multi-Eyed Squirrel / Panicky Man / Sideshow Mel / Mr. Teeny / EPA Official / Kissing Cop / Bear / Boy on Phone / NSA Worker / Officer / Santa's Little Helper / Squeaky-Voiced Teen / Groundskeeper Willie (voice)
The Simpsons Movie,2007,,Julie Kavner ,...,Marge Simpson / Selma Bouvier / Patty Bouvier (voice)
The Simpsons Movie,2007,,Nancy Cartwright ,...,Bart Simpson / Maggie Simpson / Ralph Wiggum / Nelson Muntz / Todd Flanders / TV Daughter / Woman on Phone (voice)
The Simpsons Movie,2007,,Yeardley Smith ,...,Lisa Simpson (voice)
The Simpsons Movie,2007,,Hank Azaria ,...,Professor Frink / Comic Book Guy / Moe Szyslak / Chief Wiggum / Lou / Carl / Cletus / Bumblebee Man / Male EPA Worker / Dome Depot Announcer / Kissing Cop / Carnival Barker / Counter Man / Apu / Drederick Tatum / Sea Captain / EPA Passenger / Robot / Dr. Nick Riviera / Wise Guy (voice)
The Simpsons Movie,2007,,Harry Shearer ,...,Scratchy / Mr. Burns / Rev. Lovejoy / Ned Flanders / Lenny / Skull / President Arnold Schwarzenegger / Kent Brockman / Principal Skinner / Dr. Hibbert / Smithers / Toll Booth Man / Guard / Otto / Kang (voice)
The Simpsons Movie,2007,,Pamela Hayden ,...,Milhouse Van Houten / Rod Flanders / Jimbo (voice)
The Simpsons Movie,2007,,Tress MacNeille ,...,Booberella / Sweet Old Lady / Colin / Agnes Skinner / Nelson's Mother / Pig / Crazy Cat Lady / Female EPA Worker / G.P.S. Woman / Cookie Kwan / Lindsey Naegle / TV Son / Medicine Woman / Girl on Phone (voice)
The Simpsons Movie,2007,,Albert Brooks ,...,Russ Cargill (voice) (as A. Brooks)
The Simpsons Movie,2007,,Karl Wiedergott ,...,Man / EPA Driver (voice)
The Simpsons Movie,2007,,Marcia Wallace ,...,Mrs. Krabappel (voice) (scenes deleted)
The Simpsons Movie,2007,,Russi Taylor ,...,Martin Prince (voice)
The Simpsons Movie,2007,,Maggie Roswell ,...,Helen Lovejoy (voice)
The Simpsons Movie,2007,,Phil Rosenthal ,...,TV Dad (voice) (as Philip Rosenthal)
The Simpsons Movie,2007,,Billie Joe Armstrong ,...,Green Day (voice)
The Simpsons Movie,2007,,Tré Cool ,...,Green Day (voice) (as Frank Edwin Wright III)
The Simpsons Movie,2007,,Mike Dirnt ,...,Green Day (voice) (as Michael Pritchard)
The Simpsons Movie,2007,,Joe Mantegna ,...,Fat Tony (voice)
The Simpsons Movie,2007,,Tom Hanks ,...,Tom Hanks (voice)
As Good as It Gets,1997,,Jack Nicholson ,...,Melvin Udall
As Good as It Gets,1997,,Helen Hunt ,...,Carol Connelly
As Good as It Gets,1997,,Greg Kinnear ,...,Simon Bishop
As Good as It Gets,1997,,Cuba Gooding Jr. ,...,Frank Sachs
As Good as It Gets,1997,,Skeet Ulrich ,...,Vincent
As Good as It Gets,1997,,Shirley Knight ,...,Beverly
As Good as It Gets,1997,,Yeardley Smith ,...,Jackie
As Good as It Gets,1997,,Lupe Ontiveros ,...,Nora
As Good as It Gets,1997,,Jill the Dog ,...,Verdell (as Jill)
As Good as It Gets,1997,,Timer the Dog ,...,Supporting Dog (as Timer)
As Good as It Gets,1997,,Billy the Dog ,...,Supporting Dog (as Billy)
The Bucket List,2007,,Jack Nicholson ,...,Edward
The Bucket List,2007,,Morgan Freeman ,...,Carter
The Bucket List,2007,,Sean Hayes ,...,Thomas
The Bucket List,2007,,Beverly Todd ,...,Virginia
The Bucket List,2007,,Rob Morrow ,...,Dr. Hollins
The Bucket List,2007,,Alfonso Freeman ,...,Roger
The Bucket List,2007,,Rowena King ,...,Angelica
Evan Almighty,2002,,Steve Carell ,...,Evan Baxter
Evan Almighty,2002,,Morgan Freeman ,...,God
Evan Almighty,2002,,Lauren Graham ,...,Joan Baxter
Evan Almighty,2002,,Johnny Simmons ,...,Dylan Baxter
Evan Almighty,2002,,Graham Phillips ,...,Jordan Baxter
Evan Almighty,2002,,Jimmy Bennett ,...,Ryan Baxter
Evan Almighty,2002,,John Goodman ,...,Congressman Long
Evan Almighty,2002,,Wanda Sykes ,...,Rita
Evan Almighty,2002,,John Michael Higgins ,...,Marty
Evan Almighty,2002,,Jonah Hill ,...,Eugene
Evan Almighty,2002,,Molly Shannon ,...,Eve Adams
Evan Almighty,2002,,Harve Presnell ,...,Congressman Burrows
Bruce Almighty,2003,,Jim Carrey ,...,Bruce Nolan
Bruce Almighty,2003,,Morgan Freeman ,...,God
Bruce Almighty,2003,,Jennifer Aniston ,...,Grace Connelly
Bruce Almighty,2003,,Philip Baker Hall ,...,Jack Baylor
Bruce Almighty,2003,,Catherine Bell ,...,Susan Ortega
Bruce Almighty,2003,,Lisa Ann Walter ,...,Debbie
Bruce Almighty,2003,,Steve Carell ,...,Evan Baxter (as Steven Carell)
Bruce Almighty,2003,,Nora Dunn ,...,Ally Loman
Bruce Almighty,2003,,Eddie Jemison ,...,Bobby
Bruce Almighty,2003,,Paul Satterfield ,...,Dallas Coleman
Bruce Almighty,2003,,Mark Kiely ,...,Fred Donohue
Bruce Almighty,2003,,Sally Kirkland ,...,Anita
Bruce Almighty,2003,,Tony Bennett ,...,Tony Bennett
Sense and Sensibility,2008,,Dominic Cooper ,...," Willoughby 3 episodes, 2008 "
Sense and Sensibility,2008,,Charity Wakefield ,...," Marianne Dashwood 3 episodes, 2008 "
Sense and Sensibility,2008,,Hattie Morahan ,...," Elinor Dashwood 3 episodes, 2008 "
Sense and Sensibility,2008,,Janet McTeer ,...," Mrs. Dashwood 3 episodes, 2008 "
Sense and Sensibility,2008,,Lucy Boynton ,...," Margaret Dashwood 3 episodes, 2008 "
Sense and Sensibility,2008,,David Morrissey ,...," Colonel Brandon 3 episodes, 2008 "
Sense and Sensibility,2008,,Linda Bassett ,...," Mrs Jennings 3 episodes, 2008 "
Sense and Sensibility,2008,,Mark Williams ,...," Sir John Middleton 3 episodes, 2008 "
Sense and Sensibility,2008,,Claire Skinner ,...," Fanny Dashwood 3 episodes, 2008 "
Sense and Sensibility,2008,,Rosanna Lavelle ,...," Lady Middleton 3 episodes, 2008 "
Sense and Sensibility,2008,,Dan Stevens ,...," Edward Ferrars 3 episodes, 2008 "
Sense and Sensibility,2008,,Mark Gatiss ,...," John Dashwood 2 episodes, 2008 "
Sense and Sensibility,2008,,Caroline Hayes ,...," Eliza 2 episodes, 2008 "
Sense and Sensibility,2008,,Anna Madeley ,...," Lucy Steele 2 episodes, 2008 "
Sense and Sensibility,2008,,Daisy Haggard ,...," Miss Steele 2 episodes, 2008 "
Sense and Sensibility,2008,,David Glover ,...," Foot 2 episodes, 2008 "
Sense and Sensibility,2008,,Leo Bill ,...," Robert Ferrars 2 episodes, 2008 "
Sense and Sensibility,2008,,Morgan Overton ,...," Little Henry 2 episodes, 2008 "
Sense and Sensibility,2008,,Tim McMullan ,...," Mr Palmer 2 episodes, 2008 "
Sense and Sensibility,2008,,Tabitha Wady ,...," Charlotte Palmer 2 episodes, 2008 "
Sense and Sensibility,2008,,Roy Holder ,...," Thomas 2 episodes, 2008 "
Sense and Sensibility,2008,,Christopher Beeny ,...," Doctor 1 episode, 2008 "
Sense and Sensibility,2008,,Ray Gardner ,...," Duel Doctor 1 episode, 2008 "
Sense and Sensibility,2008,,Robert Forknall ,...," Second 1 episode, 2008 "
Sense and Sensibility,2008,,Steve Cornwall ,...," Referee 1 episode, 2008 "
Sense and Sensibility,2008,,Simon Williams ,...," Henry Dashwood 1 episode, 2008 "
Sense and Sensibility,2008,,Wendy Albiston ,...," Martha 1 episode, 2008 "
Sense and Sensibility,2008,,Campbell Graham ,...," Jenkins 1 episode, 2008 "
Sense and Sensibility,2008,,David Charles ,...," Dashwood's Footman 1 episode, 2008 "
Sense and Sensibility,2008,,Jean Marsh ,...," Mrs Ferrars 1 episode, 2008 "
Sense and Sensibility,2008,,Johanna Hargreaves ,...," Servant 1 episode, 2008 "
Sense and Sensibility,2008,,Oriane Messina ,...," Maid at Cleveland 1 episode, 2008 "
Sense and Sensibility,2008,,Damien Thomas ,...," Mr Harris 1 episode, 2008 "
Northanger Abbey,2007,,Geraldine James ,...,The Voice of Jane Austen (voice)
Northanger Abbey,2007,,Michael Judd ,...,Pastor
Northanger Abbey,2007,,Julia Dearden ,...,Mrs Morland
Northanger Abbey,2007,,Gerry O'Brien ,...,Mr Morland
Northanger Abbey,2007,,Felicity Jones ,...,Catherine Morland
Northanger Abbey,2007,,David Britain ,...,Gothic Villain
Northanger Abbey,2007,,Patrick Ryan ,...,Gothic Villain
Northanger Abbey,2007,,Sylvestra Le Touzel ,...,Mrs Allen
Northanger Abbey,2007,,Desmond Barrit ,...,Mr Allen
Northanger Abbey,2007,,David Sheehan ,...,Cheeky Man
Northanger Abbey,2007,,William Beck ,...,John Thorpe
Northanger Abbey,2007,,Liam McMahon ,...,Sedley
Northanger Abbey,2007,,Mal Whyte ,...,Rude Man
Northanger Abbey,2007,,JJ Feild ,...,Henry Tilney (as J J Feild)
Northanger Abbey,2007,,Myles Breen ,...,Mr King
Northanger Abbey,2007,,Bernadette McKenna ,...,Mrs Thorpe
Northanger Abbey,2007,,Carey Mulligan ,...,Isabella Thorpe
Northanger Abbey,2007,,Shauna Taylor ,...,Maria Thorpe
Northanger Abbey,2007,,Sophie Vavasseur ,...,Anne Thorpe
Northanger Abbey,2007,,Hugh O'Conor ,...,James Morland (as Hugh O'Connor)
Northanger Abbey,2007,,Catherine Walker ,...,Eleanor Tilney
Northanger Abbey,2007,,Liam Cunningham ,...,General Tilney
Northanger Abbey,2007,,Anne Fitzpatrick ,...,Opera Singer
Northanger Abbey,2007,,Ryan O'Connor ,...,Edward
Northanger Abbey,2007,,Mark Dymond ,...,Capt Frederick Tilney
Northanger Abbey,2007,,Pauline Cadell ,...,Maid
Emma,2009,,Romola Garai ,...," Emma 4 episodes, 2009 "
Emma,2009,,Michael Gambon ,...," Mr. Woodhouse 4 episodes, 2009 "
Emma,2009,,Jonny Lee Miller ,...," Mr. Knightley 4 episodes, 2009 "
Emma,2009,,Jodhi May ,...," Anne Weston / ... 4 episodes, 2009 "
Emma,2009,,Robert Bathurst ,...," Mr. Weston 4 episodes, 2009 "
Emma,2009,,Louise Dylan ,...," Harriet Smith 4 episodes, 2009 "
Emma,2009,,Blake Ritson ,...," Mr. Elton 4 episodes, 2009 "
Emma,2009,,Tamsin Greig ,...," Miss Bates 4 episodes, 2009 "
Emma,2009,,Valerie Lilley ,...," Mrs. Bates 4 episodes, 2009 "
Emma,2009,,Dan Fredenburgh ,...," John Knightley 4 episodes, 2009 "
Emma,2009,,Poppy Miller ,...," Isabella Knightley 4 episodes, 2009 "
Emma,2009,,Laura Pyper ,...," Jane Fairfax 3 episodes, 2009 "
Emma,2009,,Rupert Evans ,...," Frank Churchill 3 episodes, 2009 "
Emma,2009,,Jamie Glover ,...," Henry Knightley 3 episodes, 2009 "
Emma,2009,,Joshua Jones ,...," James Knightley 3 episodes, 2009 "
Emma,2009,,Jefferson Hall ,...," Robert Martin 3 episodes, 2009 "
Emma,2009,,Veronica Roberts ,...," Mrs. Goddard 3 episodes, 2009 "
Emma,2009,,Christina Cole ,...," Augusta Elton / ... 2 episodes, 2009 "
Emma,2009,,Liza Sadovy ,...," Mrs. Cole 2 episodes, 2009 "
Emma,2009,,Eileen O'Higgins ,...," Miss Martin 1 2 episodes, 2009 "
Emma,2009,,Sarah Ovens ,...," Miss Martin 2 2 episodes, 2009 "
Emma,2009,,Annabel Mullion ,...," Mrs. Woodhouse 1 episode, 2009 "
Emma,2009,,Lyla Barrett-Rye ,...," Young Emma (aged 3) 1 episode, 2009 "
Emma,2009,,Teddy Bunn ,...," Young Frank Churchill 1 episode, 2009 "
Emma,2009,,Susie Trayling ,...," Mrs. Churchill 1 episode, 2009 "
Emma,2009,,Sarah Gower ,...," Young Jane Fairfax 1 episode, 2009 "
Emma,2009,,Claire Gower ,...," Young Jane Fairfax 1 episode, 2009 "
Emma,2009,,Sophie Alibert ,...," Emma (7 years old) 1 episode, 2009 "
Emma,2009,,Frank Doody ,...," Mr. Dixon 1 episode, 2009 "
Emma,2009,,Amy Loughton ,...," Miss Campbell 1 episode, 2009 "
Emma,2009,,Nathaniel Gleed ,...," Gypsy Boy 1 episode, 2009 "
Jane Eyre,2006,,Ruth Wilson ,...," Jane Eyre 4 episodes, 2006 "
Jane Eyre,2006,,Toby Stephens ,...," Rochester 4 episodes, 2006 "
Jane Eyre,2006,,Lorraine Ashbourne ,...," Mrs. Fairfax 4 episodes, 2006 "
Jane Eyre,2006,,Aidan McArdle ,...," John Eshton 4 episodes, 2006 "
Jane Eyre,2006,,Pam Ferris ,...," Grace Poole 4 episodes, 2006 "
Jane Eyre,2006,,Tara Fitzgerald ,...," Mrs. Reed 4 episodes, 2006 "
Jane Eyre,2006,,Arthur Cox ,...," Colonel Dent 4 episodes, 2006 "
Jane Eyre,2006,,Tim Goodman ,...," Sir George Lynn 4 episodes, 2006 "
Jane Eyre,2006,,Ned Irish ,...," George 4 episodes, 2006 "
Jane Eyre,2006,,Daniel Pirrie ,...," Mason / ... 4 episodes, 2006 "
Jane Eyre,2006,,Christina Cole ,...," Blanche Ingram 4 episodes, 2006 "
Jane Eyre,2006,,Francesca Annis ,...," Lady Ingram 4 episodes, 2006 "
Jane Eyre,2006,,Rebekah Staton ,...," Bessie 3 episodes, 2006 "
Jane Eyre,2006,,Elsa Mollien ,...," Sophie 4 episodes, 2006 "
Jane Eyre,2006,,Sam Hoare ,...," Lynn Brother 4 episodes, 2006 "
Jane Eyre,2006,,Cosima Littlewood ,...," Adele 4 episodes, 2006 "
Jane Eyre,2006,,Amy Steel ,...," Dent Twin 4 episodes, 2006 "
Jane Eyre,2006,,Beth Steel ,...," Dent Twin 4 episodes, 2006 "
Jane Eyre,2006,,Charlotte West-Oram ,...," Mrs. Dent 4 episodes, 2006 "
Jane Eyre,2006,,Jeanne Golding ,...," Lady Lynn 4 episodes, 2006 "
Jane Eyre,2006,,Cara Horgan ,...," Eliza Reed 2 episodes, 2006 "
Jane Eyre,2006,,Andrew Buchan ,...," St. John Rivers 2 episodes, 2006 "
Jane Eyre,2006,,Stephen Tomlin ,...," Doctor Carter 2 episodes, 2006 "
Jane Eyre,2006,,Georgie Henley ,...," Young Jane Eyre 1 episode, 2006 "
Jane Eyre,2006,,Annabel Scholey ,...," Diana Rivers 2 episodes, 2006 "
Jane Eyre,2006,,Georgia King ,...," Rosamond Oliver 1 episode, 2006 "
Jane Eyre,2006,,Emma Lowndes ,...," Mary Rivers 2 episodes, 2006 "
Jane Eyre,2006,,Christopher Bowen ,...," Briggs 2 episodes, 2006 "
Jane Eyre,2006,,Letty Butler ,...," Leah 2 episodes, 2006 "
Jane Eyre,2006,,Églantine Rembauville-Nicolle ,...," Celine Varens 2 episodes, 2006 "
Jane Eyre,2006,,Hester Odgers ,...," Helen Burns 2 episodes, 2006 "
Jane Eyre,2006,,Claudia Coulter ,...," Bertha 2 episodes, 2006 "
Jane Eyre,2006,,Stacey Sampson ,...," Servant 2 episodes, 2006 "
Jane Eyre,2006,,Peter Ivatts ,...," Clergyman 2 episodes, 2006 "
Jane Eyre,2006,,Maisie Dimbleby ,...," Mary Ingram 2 episodes, 2006 "
Jane Eyre,2006,,Hugo Heathcote ,...," Celine's Lover / ... 2 episodes, 2006 "
Jane Eyre,2006,,Dan Armour ,...," Shepherd 2 episodes, 2006 "
Jane Eyre,2006,,Jacqueline Pilton ,...," Hannah 2 episodes, 2006 "
Jane Eyre,2006,,Alisa Arnah ,...," Georgiana Reed 2 episodes, 2006 "
Jane Eyre,2006,,Christopher Wilkinson ,...," Church Clerk 2 episodes, 2006 "
Jane Eyre,2006,,Bethany Gill ,...," Eliza Reed 1 episode, 2006 "
Jane Eyre,2006,,Anne Reid ,...," Gypsy Woman 1 episode, 2006 "
Jane Eyre,2006,,Charity Wakefield ,...," Miss Temple 1 episode, 2006 "
Jane Eyre,2006,,Richard McCabe ,...," Mr. Brocklehurst 1 episode, 2006 "
Jane Eyre,2006,,Samantha Siddall ,...," Sarah 1 episode, 2006 "
Jane Eyre,2006,,Sally Sheridan ,...," Headmistress 1 episode, 2006 "
Jane Eyre,2006,,George O'Connell ,...," John Reed 1 episode, 2006 "
Jane Eyre,2006,,Nicholas Clayton ,...," Artist 1 episode, 2006 "
Pride and Prejudice,2005,,Keira Knightley ,...,Elizabeth Bennet
Pride and Prejudice,2005,,Talulah Riley ,...,Mary Bennet
Pride and Prejudice,2005,,Rosamund Pike ,...,Jane Bennet
Pride and Prejudice,2005,,Jena Malone ,...,Lydia Bennet
Pride and Prejudice,2005,,Carey Mulligan ,...,Kitty Bennet
Pride and Prejudice,2005,,Donald Sutherland ,...,Mr. Bennet
Pride and Prejudice,2005,,Brenda Blethyn ,...,Mrs. Bennet
Pride and Prejudice,2005,,Claudie Blakley ,...,Charlotte Lucas
Pride and Prejudice,2005,,Sylvester Morand ,...,Sir William Lucas
Pride and Prejudice,2005,,Simon Woods ,...,Mr. Bingley
Pride and Prejudice,2005,,Kelly Reilly ,...,Caroline Bingley
Pride and Prejudice,2005,,Matthew Macfadyen ,...,Mr. Darcy
Pride and Prejudice,2005,,Pip Torrens ,...,Netherfield Butler
Pride and Prejudice,2005,,Janet Whiteside ,...,Mrs. Hill
Pride and Prejudice,2005,,Sinead Matthews ,...,Betsy
Pride and Prejudice,2005,,Roy Holder ,...,Mr. Hill
Pride and Prejudice,2005,,Rupert Friend ,...,Mr. Wickham
Pride and Prejudice,2005,,Tom Hollander ,...,Mr. Collins
Pride and Prejudice,2005,,Jay Simpson ,...,Meryton Milliner
Pride and Prejudice,2005,,Judi Dench ,...,Lady Catherine de Bourg
Pride and Prejudice,2005,,Rosamund Stephen ,...,Miss de Bourg
Pride and Prejudice,2005,,Samantha Bloom ,...,Rosings Governess
Pride and Prejudice,2005,,Cornelius Booth ,...,Colonel Fitzwilliam
Pride and Prejudice,2005,,Penelope Wilton ,...,Mrs. Gardiner
Pride and Prejudice,2005,,Peter Wight ,...,Mr. Gardiner
Pride and Prejudice,2005,,Meg Wynn Owen ,...,Mrs. Reynolds
Pride and Prejudice,2005,,Tamzin Merchant ,...,Georgiana Darcy
Pride and Prejudice,2005,,Moya Brady ,...,Lambton Maid
Bridget Jone's Diary,2001,,Renée Zellweger ,...,Bridget Jones
Bridget Jone's Diary,2001,,Gemma Jones ,...,Bridget's Mum
Bridget Jone's Diary,2001,,Celia Imrie ,...,Una Alconbury
Bridget Jone's Diary,2001,,James Faulkner ,...,Uncle Geoffrey
Bridget Jone's Diary,2001,,Jim Broadbent ,...,Bridget's Dad
Bridget Jone's Diary,2001,,Colin Firth ,...,Mark Darcy
Bridget Jone's Diary,2001,,Charmian May ,...,Mrs. Darcy
Bridget Jone's Diary,2001,,Hugh Grant ,...,Daniel Cleaver
Bridget Jone's Diary,2001,,Paul Brooke ,...,Mr. Fitzherbert
Bridget Jone's Diary,2001,,Felicity Montagu ,...,Perpetua
Bridget Jone's Diary,2001,,Shirley Henderson ,...,Jude
Bridget Jone's Diary,2001,,Sally Phillips ,...,Shazza
Bridget Jone's Diary,2001,,James Callis ,...,Tom
Bridget Jone's Diary,2001,,Charlie Caine ,...,Handsome Stranger
Bridget Jone's Diary,2001,,Gareth Marks ,...,Simon in Marketing
Music and Lyrics,2007,,Hugh Grant ,...,Alex Fletcher
Music and Lyrics,2007,,Scott Porter ,...,Colin Thompson
Music and Lyrics,2007,,Nick Bacon ,...,Pop Bass Player
Music and Lyrics,2007,,Andrew Wyatt ,...,Pop Guitar Player (as Andrew Wyatt Blakemore)
Music and Lyrics,2007,,Dan McMillan ,...,Pop Drummer
Music and Lyrics,2007,,Tom Foligno ,...,Has-Beens Promo Announcer (voice)
Music and Lyrics,2007,,Zak Orth ,...,David Newbert - TV Executive #1
Music and Lyrics,2007,,Brooke Tansley ,...,Janice Stern - TV Executive #2
Music and Lyrics,2007,,Daniel Stewart Sherman ,...,Willy
Music and Lyrics,2007,,Brad Garrett ,...,Chris Riley
Music and Lyrics,2007,,Aasif Mandvi ,...,Khan
Music and Lyrics,2007,,Drew Barrymore ,...,Sophie Fisher
Music and Lyrics,2007,,Haley Bennett ,...,Cora Corman
Music and Lyrics,2007,,Matthew Morrison ,...,Ray
Music and Lyrics,2007,,Jason Antoon ,...,Greg Antonsky
Music and Lyrics,2007,,Jeremy Karson ,...,Charlie
Music and Lyrics,2007,,Emma Lesser ,...,Lucy
Music and Lyrics,2007,,Kristen Johnston ,...,Rhonda
Music and Lyrics,2007,,Adam Grupper ,...,Gary
Four Weddings and a Funeral,1994,,Hugh Grant ,...,Charles - Wedding One
Four Weddings and a Funeral,1994,,James Fleet ,...,Tom - Wedding One
Four Weddings and a Funeral,1994,,Simon Callow ,...,Gareth - Wedding One
Four Weddings and a Funeral,1994,,John Hannah ,...,Matthew - Wedding One
Four Weddings and a Funeral,1994,,Kristin Scott Thomas ,...,Fiona - Wedding One
Four Weddings and a Funeral,1994,,David Bower ,...,David - Wedding One
Four Weddings and a Funeral,1994,,Charlotte Coleman ,...,Scarlett - Wedding One
Four Weddings and a Funeral,1994,,Andie MacDowell ,...,Carrie - Wedding One (as Andie Macdowell)
Four Weddings and a Funeral,1994,,Timothy Walker ,...,Angus the Groom - Wedding One
Four Weddings and a Funeral,1994,,Sara Crowe ,...,Laura the Bride - Wedding One
Four Weddings and a Funeral,1994,,Ronald Herdman ,...,Vicar - Wedding One
Four Weddings and a Funeral,1994,,Elspet Gray ,...,Laura's Mother - Wedding One
Four Weddings and a Funeral,1994,,Philip Voss ,...,Laura's Father - Wedding One
Four Weddings and a Funeral,1994,,Rupert Vansittart ,...,George the Boor at The Boatman - Wedding One
Four Weddings and a Funeral,1994,,Nicola Walker ,...,Frightful Folk Duo - Wedding One
Four Weddings and a Funeral,1994,,Paul Stacey ,...,Frightful Folk Duo - Wedding One
Four Weddings and a Funeral,1994,,Simon Kunz ,...,John with the Unfaithful Wife - Wedding One
Four Weddings and a Funeral,1994,,Rowan Atkinson ,...,Father Gerald - Wedding Two
Four Weddings and a Funeral,1994,,Robin McCaffrey ,...,Serena - Wedding One
Four Weddings and a Funeral,1994,,Michael Mears ,...,The Boatman Waiter - Wedding One
Four Weddings and a Funeral,1994,,Kenneth Griffith ,...,Mad Old Man - Wedding One (as Kenneth Griffiths)
Four Weddings and a Funeral,1994,,David Haig ,...,Bernard the Groom - Wedding Two
Four Weddings and a Funeral,1994,,Sophie Thompson ,...,Lydia the Bride - Wedding Two
Four Weddings and a Funeral,1994,,Corin Redgrave ,...,Hamish - Wedding Three
Four Weddings and a Funeral,1994,,Donald Weedon ,...,Master of Ceremonies - Wedding Two
Four Weddings and a Funeral,1994,,Nigel Hastings ,...,Tea-Tasting Alistair - Wedding Two
Four Weddings and a Funeral,1994,,Emily Morgan ,...,Vomiting Veronica - Wedding Two
Four Weddings and a Funeral,1994,,Amanda Mealing ,...,Naughty Nicki - Wedding Two
Four Weddings and a Funeral,1994,,Melissa Knatchbull ,...,Mocking Martha - Wedding Two
Four Weddings and a Funeral,1994,,Polly Kemp ,...,Miss Piggy - Wedding Two
Four Weddings and a Funeral,1994,,Anna Chancellor ,...,Henrietta - Wedding Two
Four Weddings and a Funeral,1994,,Hannah Taylor Gordon ,...,Young Bridesmaid - Wedding Two
Four Weddings and a Funeral,1994,,Bernice Stegers ,...,Shop Assistant - Wedding Two
Four Weddings and a Funeral,1994,,Robert Lang ,...,Lord Hibbott - Wedding Two
Four Weddings and a Funeral,1994,,Jeremy Kemp ,...,Sir John Delaney - Wedding Two
Four Weddings and a Funeral,1994,,Rosalie Crutchley ,...,Mrs. Beaumont - Wedding Two
Four Weddings and a Funeral,1994,,Ken Drury ,...,Vicar - Wedding Three
Four Weddings and a Funeral,1994,,Struan Rodger ,...,Best Man - Wedding Three
Four Weddings and a Funeral,1994,,Lucy Hornak ,...,Married Woman - Wedding Three (as Lucy Hornack)
Four Weddings and a Funeral,1994,,Randall Paul ,...,Chester - Wedding Three
Four Weddings and a Funeral,1994,,Pat Starr ,...,Gareth's Dance Partner - Wedding Three
Four Weddings and a Funeral,1994,,Tim Thomas ,...,Doctor - Wedding Three
Four Weddings and a Funeral,1994,,Neville Phillips ,...,Vicar - Funeral
Four Weddings and a Funeral,1994,,Susanna Hamnett ,...,Deirdre - Wedding Four
Four Weddings and a Funeral,1994,,John Abbott ,...,Polite Verger - Wedding Four
Four Weddings and a Funeral,1994,,Richard Butler ,...,Vicar - Wedding Four
Fifty First Dates,2004,,Adam Sandler ,...,Henry Roth
Fifty First Dates,2004,,Drew Barrymore ,...,Lucy Whitmore
Fifty First Dates,2004,,Rob Schneider ,...,Ula
Fifty First Dates,2004,,Sean Astin ,...,Doug Whitmore
Fifty First Dates,2004,,Lusia Strus ,...,Alexa
Fifty First Dates,2004,,Dan Aykroyd ,...,Dr. Keats
Fifty First Dates,2004,,Amy Hill ,...,Sue
Fifty First Dates,2004,,Allen Covert ,...,Ten Second Tom
Fifty First Dates,2004,,Blake Clark ,...,Marlin Whitmore
Fifty First Dates,2004,,Maya Rudolph ,...,Stacy
Fifty First Dates,2004,,Pomaika'i Brown ,...,Nick (as Nephi Pomaikai Brown)
Fifty First Dates,2004,,Joe Nakashima ,...,Old Hawaiian Man
Fifty First Dates,2004,,Peter Dante ,...,Security Guard
Fifty First Dates,2004,,Dom Magwili ,...,Security Guard
Fifty First Dates,2004,,Jonathan Loughran ,...,Jennifer
Fifty First Dates,2004,,J.D. Donaruma ,...,Pablo
Fifty First Dates,2004,,Wayne Federman ,...,Patient
Pride and Prejudice,1995,,Jennifer Ehle ,...," Elizabeth Bennet 6 episodes, 1995 "
Pride and Prejudice,1995,,Colin Firth ,...," Mr Darcy 6 episodes, 1995 "
Pride and Prejudice,1995,,Susannah Harker ,...," Jane Bennet 6 episodes, 1995 "
Pride and Prejudice,1995,,Julia Sawalha ,...," Lydia Bennet 6 episodes, 1995 "
Pride and Prejudice,1995,,Alison Steadman ,...," Mrs. Bennet 6 episodes, 1995 "
Pride and Prejudice,1995,,Benjamin Whitrow ,...," Mr. Bennet 6 episodes, 1995 "
Pride and Prejudice,1995,,Crispin Bonham-Carter ,...," Mr Bingley 6 episodes, 1995 "
Pride and Prejudice,1995,,Polly Maberly ,...," Kitty Bennet 6 episodes, 1995 "
Pride and Prejudice,1995,,Lucy Briers ,...," Mary Bennet 6 episodes, 1995 "
Pride and Prejudice,1995,,Anna Chancellor ,...," Miss Bingley 6 episodes, 1995 "
Pride and Prejudice,1995,,Lucy Robinson ,...," Mrs Hurst 6 episodes, 1995 "
Pride and Prejudice,1995,,Adrian Lukis ,...," Wickham / ... 5 episodes, 1995 "
Pride and Prejudice,1995,,David Bamber ,...," Mr Collins 5 episodes, 1995 "
Pride and Prejudice,1995,,Lucy Scott ,...," Charlotte Lucas 5 episodes, 1995 "
Pride and Prejudice,1995,,Lucy Davis ,...," Maria Lucas 4 episodes, 1995 "
Pride and Prejudice,1995,,Emilia Fox ,...," Georgiana Darcy 4 episodes, 1995 "
Pride and Prejudice,1995,,Marlene Sidaway ,...," Hill / ... 4 episodes, 1995 "
Pride and Prejudice,1995,,Barbara Leigh-Hunt ,...," Lady Catherine de Bourgh 4 episodes, 1995 "
Pride and Prejudice,1995,,Tim Wylton ,...," Mr. Gardiner 4 episodes, 1995 "
Pride and Prejudice,1995,,Rupert Vansittart ,...," Mr Hurst 4 episodes, 1995 "
Pride and Prejudice,1995,,Joanna David ,...," Mrs. Gardiner 4 episodes, 1995 "
Pride and Prejudice,1995,,Nadia Chambers ,...," Miss Anne de Bourgh 4 episodes, 1995 "
Pride and Prejudice,1995,,David Bark-Jones ,...," Lt. Denny 4 episodes, 1995 "
Pride and Prejudice,1995,,Lynn Farleigh ,...," Mrs Phillips / ... 4 episodes, 1995 "
Pride and Prejudice,1995,,Christopher Benjamin ,...," Sir William Lucas 3 episodes, 1995 "
Pride and Prejudice,1995,,Roger Barclay ,...," Capt. Carter 3 episodes, 1995 "
Pride and Prejudice,1995,,Kate O'Malley ,...," Sarah, the maid / ... 3 episodes, 1995 "
Pride and Prejudice,1995,,Norma Streader ,...," Lady Lucas 3 episodes, 1995 "
Pride and Prejudice,1995,,Paul Moriarty ,...," Col. Forster 3 episodes, 1995 "
Pride and Prejudice,1995,,Victoria Hamilton ,...," Mrs Forster 3 episodes, 1995 "
Pride and Prejudice,1995,,Anthony Calf ,...," Colonel Fitzwilliam 2 episodes, 1995 "
Pride and Prejudice,1995,,Sarah Legg ,...," Hannah 2 episodes, 1995 "
Pride and Prejudice,1995,,Annabel Taylor ,...," Maggie, the maid 2 episodes, 1995 "
Pride and Prejudice,1995,,Harriet Eastcott ,...," Mrs Jenkinson / ... 2 episodes, 1995 "
Pride and Prejudice,1995,,Natasha Isaacs ,...," Gardiner Children 2 episodes, 1995 "
Pride and Prejudice,1995,,Marie-Louise Flamank ,...," Gardiner Children 2 episodes, 1995 "
Pride and Prejudice,1995,,Roy Holder ,...," Hodge, the gardener 2 episodes, 1995 "
Pride and Prejudice,1995,,Neville Phillips ,...," Fossett, the footman 2 episodes, 1995 "
Pride and Prejudice,1995,,Julian Erleigh ,...," Gardiner Children 2 episodes, 1995 "
Pride and Prejudice,1995,,Christopher Staines ,...," Lt. Sanderson 2 episodes, 1995 "
Pride and Prejudice,1995,,Jacob Casselden ,...," Gardiner Children 2 episodes, 1995 "
Pride and Prejudice,1995,,Tom Ward ,...," Lt. Chamberlayne 1 episode, 1995 "
Pride and Prejudice,1995,,Andrew Grainger ,...," Ostler 1 episode, 1995 "
Pride and Prejudice,1995,,Sam Beazley ,...," Vicar, Longbourn 1 episode, 1995 "
Pride and Prejudice,1995,,Lee Walters ,...," Waiter 1 episode, 1995 "
Pride and Prejudice,1995,,Melvyn Tan ,...," Forte Piano played by 1 episode, 1995 "
Pride and Prejudice,1995,,Alexandra Howerd ,...," Mary King 1 episode, 1995 "
Pride and Prejudice,1995,,Peter Needham ,...," Fencing Master 1 episode, 1995 "
Pride and Prejudice,1995,,Bridget Turner ,...," Mrs Reynolds 1 episode, 1995 "
The King's Speech,2010,,Colin Firth ,...,King George VI
The King's Speech,2010,,Helena Bonham Carter ,...,Queen Elizabeth
The King's Speech,2010,,Derek Jacobi ,...,Archbishop Cosmo Lang
The King's Speech,2010,,Robert Portal ,...,Equerry
The King's Speech,2010,,Richard Dixon ,...,Private Secretary
The King's Speech,2010,,Paul Trussell ,...,Chauffeur
The King's Speech,2010,,Adrian Scarborough ,...,BBC Radio Announcer
The King's Speech,2010,,Andrew Havill ,...,Robert Wood
The King's Speech,2010,,Charles Armstrong ,...,BBC Technician
The King's Speech,2010,,Roger Hammond ,...,Dr. Blandine Bentham
The King's Speech,2010,,Geoffrey Rush ,...,Lionel Logue
The King's Speech,2010,,Calum Gittins ,...,Laurie Logue
The King's Speech,2010,,Jennifer Ehle ,...,Myrtle Logue
The King's Speech,2010,,Dominic Applewhite ,...,Valentine Logue
The King's Speech,2010,,Ben Wimsett ,...,Anthony Logue
The King's Speech,2010,,Freya Wilson ,...,Princess Elizabeth
The King's Speech,2010,,Ramona Marquez ,...,Princess Margaret
The King's Speech,2010,,David Bamber ,...,Theatre Director
The King's Speech,2010,,Jake Hathaway ,...,Willie
The King's Speech,2010,,Michael Gambon ,...,King George V
The King's Speech,2010,,Guy Pearce ,...,King Edward VIII
The King's Speech,2010,,Patrick Ryecart ,...,Lord Wigram
The King's Speech,2010,,Teresa Gallagher ,...,Nurse
The King's Speech,2010,,Simon Chandler ,...,Lord Dawson
The King's Speech,2010,,Claire Bloom ,...,Queen Mary
The King's Speech,2010,,Orlando Wells ,...,Duke of Kent
The King's Speech,2010,,Tim Downie ,...,Duke of Gloucester
The King's Speech,2010,,Dick Ward ,...,Butler
The King's Speech,2010,,Eve Best ,...,Wallis Simpson
The King's Speech,2010,,John Albasiny ,...,Footman
The King's Speech,2010,,Timothy Spall ,...,Winston Churchill
The King's Speech,2010,,Danny Emes ,...,Boy in Regent's Park
The King's Speech,2010,,Anthony Andrews ,...,Stanley Baldwin
The King's Speech,2010,,John Warnaby ,...,Steward
The King's Speech,2010,,Roger Parrott ,...,Neville Chamberlain
Monty Python and the Holy Grail,1975,,Graham Chapman ,...,King Arthur / Voice of God / Middle Head / Hiccoughing Guard
Monty Python and the Holy Grail,1975,,John Cleese ,...,Second Swallow-Savvy Guard / The Black Knight / Peasant 3 / Sir Launcelot the Brave / Taunting French Guard / Tim the Enchanter
Monty Python and the Holy Grail,1975,,Eric Idle ,...,Dead Collector / Peasant 1 / Sir Robin the Not-Quite-So-Brave-as-Sir Launcelot / First Swamp Castle Guard / Concorde / Roger the Shrubber / Brother Maynard
Monty Python and the Holy Grail,1975,,Terry Gilliam ,...,Patsy / Green Knight / Old Man from Scene 24 (Bridgekeeper) / Sir Bors / Animator / Gorilla Hand
Monty Python and the Holy Grail,1975,,Terry Jones ,...,Dennis's Mother / Sir Bedevere / Left Head / Prince Herbert / Voice of Cartoon Scribe
Monty Python and the Holy Grail,1975,,Michael Palin ,...,First Swallow-Savvy Guard / Dennis / Peasant 2 / Right Head / Sir Galahad the Pure / Narrator / King of Swamp Castle / Brother Maynard's Brother / Leader of The Knights Who Say NI!
Monty Python and the Holy Grail,1975,,Connie Booth ,...,The Witch
Monty Python and the Holy Grail,1975,,Carol Cleveland ,...,Zoot / Dingo
Monty Python and the Holy Grail,1975,,Neil Innes ,...,First Monk / Singing Minstrel / Page Crushed by the Rabbit / Peasant #4
Monty Python and the Holy Grail,1975,,Bee Duffell ,...,Old Crone
Monty Python and the Holy Grail,1975,,John Young ,...,Dead Body / Historian Frank
Monty Python and the Holy Grail,1975,,Rita Davies ,...,Historian's Wife
Monty Python and the Holy Grail,1975,,Avril Stewart ,...,Dr. Piglet
Monty Python and the Holy Grail,1975,,Sally Kinghorn ,...,Dr. Winston
Monty Python and the Holy Grail,1975,,Mark Zycon ,...,Prisoner
Monty Python and the Holy Grail,1975,,Elspeth Cameron ,...,Girl in Castle Anthrax
Monty Python and the Holy Grail,1975,,Mitsuko Forstater ,...,Girl in Castle Anthrax
Monty Python and the Holy Grail,1975,,Sandy Johnson ,...,Knight of Ni / Villager at Witch Burning / Musician at Wedding / Monk / Knight in Battle
A Fish Called Wanda,1988,,John Cleese ,...,Archie
A Fish Called Wanda,1988,,Jamie Lee Curtis ,...,Wanda
A Fish Called Wanda,1988,,Kevin Kline ,...,Otto
A Fish Called Wanda,1988,,Michael Palin ,...,Ken
A Fish Called Wanda,1988,,Maria Aitken ,...,Wendy
A Fish Called Wanda,1988,,Tom Georgeson ,...,George
A Fish Called Wanda,1988,,Patricia Hayes ,...,Mrs. Coady
A Fish Called Wanda,1988,,Geoffrey Palmer ,...,Judge
A Fish Called Wanda,1988,,Cynthia Cleese ,...,Portia (as Cynthia Caylor)
A Fish Called Wanda,1988,,Mark Elwes ,...,Customer in Jeweler's Shop
A Fish Called Wanda,1988,,Neville Phillips ,...,Manager of Jeweler's Shop
A Fish Called Wanda,1988,,Peter Jonfield ,...,Inspector Marvin
A Fish Called Wanda,1988,,Ken Campbell ,...,Bartlett
A Fish Called Wanda,1988,,Al Ashton ,...,Warder
A Fish Called Wanda,1988,,Roger Hume ,...,Locksmith
A Fish Called Wanda,1988,,Roger Brierley ,...,Davidson
A Fish Called Wanda,1988,,Llewellyn Rees ,...,Sir John
A Fish Called Wanda,1988,,Michael Percival ,...,Percival
A Fish Called Wanda,1988,,Kate Lansbury ,...,Magistrate
A Fish Called Wanda,1988,,Robert Ian Mackenzie ,...,Copper (as Robert Cavendish)
A Fish Called Wanda,1988,,Andrew MacLachlan ,...,Zebedee
A Fish Called Wanda,1988,,Roland MacLeod ,...,Vicar
A Fish Called Wanda,1988,,Jeremy Child ,...,Mr. Johnson
A Fish Called Wanda,1988,,Pamela Miles ,...,Mrs. Johnson
A Fish Called Wanda,1988,,Tom Pigott Smith ,...,Child Johnson (13)
A Fish Called Wanda,1988,,Katherine John ,...,Child Johnson (10)
A Fish Called Wanda,1988,,Sophie Johnstone ,...,Child Johnson (8)
A Fish Called Wanda,1988,,Kim Barclay ,...,Nanny
Shrek 2,2004,,Mike Myers ,...,Shrek (voice)
Shrek 2,2004,,Eddie Murphy ,...,Donkey (voice)
Shrek 2,2004,,Cameron Diaz ,...,Princess Fiona (voice)
Shrek 2,2004,,Julie Andrews ,...,Queen (voice)
Shrek 2,2004,,Antonio Banderas ,...,Puss In Boots (voice)
Shrek 2,2004,,John Cleese ,...,King (voice)
Shrek 2,2004,,Rupert Everett ,...,Prince Charming (voice)
Shrek 2,2004,,Jennifer Saunders ,...,Fairy Godmother (voice)
Shrek 2,2004,,Aron Warner ,...,Wolf (voice)
Shrek 2,2004,,Kelly Asbury ,...,Page / Elf / Nobleman / Nobleman's Son (voice)
Shrek 2,2004,,Cody Cameron ,...,Pinocchio / Three Pigs (voice)
Shrek 2,2004,,Conrad Vernon ,...,Gingerbread Man / Cedric / Announcer / Muffin Man / Mongo (voice)
Shrek 2,2004,,Christopher Knights ,...,Blind Mouse (voice)
Shrek 2,2004,,David P. Smith ,...,Herald / Man with Box (voice)
Shrek 2,2004,,Mark Moseley ,...,Mirror / Dresser (voice)
Shrek 2,2004,,Kelly Cooney ,...,Fast Food Clerk (voice)
Shrek 2,2004,,Wendy Bilanski ,...,Bar Frog (voice)
Shrek 2,2004,,Larry King ,...,Ugly Stepsister (voice)
Shrek 2,2004,,Guillaume Aretos ,...,Receptionist (voice)
Shrek 2,2004,,Chris Miller ,...,Humphries / Magic Mirror (voice)
Shrek 2,2004,,Latifa Ouaou ,...,Doll / Jill (voice)
Shrek 2,2004,,Alina Phelan ,...,Maiden #1 / Generic Female #2 (voice)
Shrek 2,2004,,Erika Thomas ,...,Maiden #2 (voice)
Shrek 2,2004,,Joan Rivers ,...,Joan Rivers (voice)
Shrek 2,2004,,Andrew Adamson ,...,Captain of the Guards (voice)
Jane Eyre,1997,,Deborah Findlay ,...,Mrs Reed
Jane Eyre,1997,,Laura Harling ,...,Young Jane
Jane Eyre,1997,,Joanna Scanlan ,...,Bessie
Jane Eyre,1997,,Ben Sowden ,...,John Reed
Jane Eyre,1997,,Barbara Keogh ,...,Miss Abbot
Jane Eyre,1997,,David Gant ,...,Mr Brocklehurst
Jane Eyre,1997,,Emily Joyce ,...,Miss Temple
Jane Eyre,1997,,Gemma Eglington ,...,Helen Burns
Jane Eyre,1997,,Ruth Mitchell ,...,Miss Scatchered
Jane Eyre,1997,,Dominique Belcourt ,...,Anna
Jane Eyre,1997,,Samantha Morton ,...,Jane Eyre
Jane Eyre,1997,,Gemma Jones ,...,Mrs Fairfax
Jane Eyre,1997,,Timia Berthome ,...,Adele (as Timia Berthomé)
Jane Eyre,1997,,Hermione Gulliford ,...,Sophie
Jane Eyre,1997,,Ciarán Hinds ,...,Edward Rochester (as Ciaran Hinds)
Jane Eyre,1997,,Abigail Cruttenden ,...,Blanche Ingram
Jane Eyre,1997,,Richenda Carey ,...,Lady Ingram
Jane Eyre,1997,,Richard Hawley ,...,Richard Mason
Jane Eyre,1997,,Val McLane ,...,Grace Poole
Jane Eyre,1997,,Kay Mellor ,...,Mrs Cooper
Jane Eyre,1997,,Sophie Reissner ,...,Bertha Rochester
Jane Eyre,1997,,Peter Wight ,...,Clergyman
Jane Eyre,1997,,Rupert Penry-Jones ,...,St. John Rivers
Jane Eyre,1997,,Elizabeth Garvie ,...,Diana Rivers
The Goonies,1985,,Sean Astin ,...,Mikey
The Goonies,1985,,Josh Brolin ,...,Brand
The Goonies,1985,,Jeff Cohen ,...,Chunk
The Goonies,1985,,Corey Feldman ,...,Mouth
The Goonies,1985,,Kerri Green ,...,Andy
The Goonies,1985,,Martha Plimpton ,...,Stef
The Goonies,1985,,Ke Huy Quan ,...,Data
The Goonies,1985,,John Matuszak ,...,Sloth
The Goonies,1985,,Robert Davi ,...,Jake
The Goonies,1985,,Joe Pantoliano ,...,Francis
The Goonies,1985,,Anne Ramsey ,...,Mama Fratelli
The Goonies,1985,,Lupe Ontiveros ,...,Rosalita
The Goonies,1985,,Mary Ellen Trainor ,...,Mrs. Walsh
The Goonies,1985,,Keith Walker ,...,Mr. Walsh
The Goonies,1985,,Curt Hanson ,...,Mr. Perkins (as Curtis Hanson)
The Goonies,1985,,Steve Antin ,...,Troy
The Goonies,1985,,Paul Tuerpe ,...,Sheriff
Mansfield Park,1999,,Hannah Taylor Gordon ,...,Young Fanny
Mansfield Park,1999,,Talya Gordon ,...,Young Susan
Mansfield Park,1999,,Lindsay Duncan ,...,Mrs. Price / Lady Bertram
Mansfield Park,1999,,Bruce Byron ,...,Carriage Driver
Mansfield Park,1999,,James Purefoy ,...,Tom Bertram
Mansfield Park,1999,,Sheila Gish ,...,Mrs. Norris
Mansfield Park,1999,,Harold Pinter ,...,Sir Thomas Bertram
Mansfield Park,1999,,Elizabeth Eaton ,...,Young Maria
Mansfield Park,1999,,Elizabeth Earl ,...,Young Julia
Mansfield Park,1999,,Philip Sarson ,...,Young Edmond
Mansfield Park,1999,,Amelia Warner ,...,Teenage Fanny
Mansfield Park,1999,,Frances O'Connor ,...,Fanny Price
Mansfield Park,1999,,Jonny Lee Miller ,...,Edmund Bertram
Mansfield Park,1999,,Victoria Hamilton ,...,Maria Bertram
Mansfield Park,1999,,Hugh Bonneville ,...,Mr. Rushworth
Mansfield Park,1999,,Justine Waddell ,...,Julia Bertram
Mansfield Park,1999,,Embeth Davidtz ,...,Mary Crawford
Mansfield Park,1999,,Alessandro Nivola ,...,Henry Crawford
Mansfield Park,1999,,Charles Edwards ,...,Yates
Mansfield Park,1999,,Sophia Myles ,...,Susan Price
Mansfield Park,1999,,Hilton McRae ,...,Mr. Price
Bohemian Rhapsody,2018,,Rami Malek ,...,Freddie Mercury
Bohemian Rhapsody,2018,,Lucy Boynton ,...,Mary Austin
Bohemian Rhapsody,2018,,Gwilym Lee ,...,Brian May
Bohemian Rhapsody,2018,,Ben Hardy ,...,Roger Taylor
Bohemian Rhapsody,2018,,Joseph Mazzello ,...,John Deacon (as Joe Mazzello)
Bohemian Rhapsody,2018,,Aidan Gillen ,...,John Reid
Bohemian Rhapsody,2018,,Allen Leech ,...,Paul Prenter
Bohemian Rhapsody,2018,,Tom Hollander ,...,Jim Beach
Bohemian Rhapsody,2018,,Mike Myers ,...,Ray Foster
Bohemian Rhapsody,2018,,Aaron McCusker ,...,Jim Hutton
Bohemian Rhapsody,2018,,Meneka Das ,...,Jer Bulsara
Bohemian Rhapsody,2018,,Ace Bhatti ,...,Bomi Bulsara
Bohemian Rhapsody,2018,,Priya Blackburn ,...,Kashmira Bulsara
Bohemian Rhapsody,2018,,Dermot Murphy ,...,Bob Geldof
Bohemian Rhapsody,2018,,Dickie Beau ,...,Kenny Everett
Bohemian Rhapsody,2018,,Tim Plester ,...,RT Baker
Bohemian Rhapsody,2018,,Jack Roth ,...,Tim Staffell
Bohemian Rhapsody,2018,,Max Bennett ,...,David
Bohemian Rhapsody,2018,,Felipe Bejarano ,...,Brazilian Crewman
Bohemian Rhapsody,2018,,Neil Fox-Roberts ,...,Mary's Father
Bohemian Rhapsody,2018,,Kieran Hardcastle ,...,Heathrow Baggage Handler
Pirates of the Carribean: Dead Man's Chest,2006,,Johnny Depp ,...,Jack Sparrow
Pirates of the Carribean: Dead Man's Chest,2006,,Orlando Bloom ,...,Will Turner
Pirates of the Carribean: Dead Man's Chest,2006,,Keira Knightley ,...,Elizabeth Swann
Pirates of the Carribean: Dead Man's Chest,2006,,Jack Davenport ,...,Norrington
Pirates of the Carribean: Dead Man's Chest,2006,,Bill Nighy ,...,Davy Jones
Pirates of the Carribean: Dead Man's Chest,2006,,Jonathan Pryce ,...,Governor Weatherby Swann
Pirates of the Carribean: Dead Man's Chest,2006,,Lee Arenberg ,...,Pintel
Pirates of the Carribean: Dead Man's Chest,2006,,Mackenzie Crook ,...,Ragetti
Pirates of the Carribean: Dead Man's Chest,2006,,Kevin McNally ,...,Gibbs (as Kevin R. McNally)
Pirates of the Carribean: Dead Man's Chest,2006,,David Bailie ,...,Cotton
Pirates of the Carribean: Dead Man's Chest,2006,,Stellan Skarsgård ,...,Bootstrap Bill
Pirates of the Carribean: Dead Man's Chest,2006,,Tom Hollander ,...,Cutler Beckett
Pirates of the Carribean: Dead Man's Chest,2006,,Naomie Harris ,...,Tia Dalma
Pirates of the Carribean: Dead Man's Chest,2006,,Martin Klebba ,...,Marty
Pirates of the Carribean: Dead Man's Chest,2006,,David Schofield ,...,Mercer
Pirates of the Carribean: Dead Man's Chest,2006,,Alex Norton ,...,Captain Bellamy
Pirates of the Carribean: Dead Man's Chest,2006,,Lauren Maher ,...,Scarlett
Lord of the Rings: The Fellowship of the Ring,2001,,Alan Howard ,...,Voice of the Ring (voice)
Lord of the Rings: The Fellowship of the Ring,2001,,Noel Appleby ,...,Everard Proudfoot
Lord of the Rings: The Fellowship of the Ring,2001,,Sean Astin ,...,Sam
Lord of the Rings: The Fellowship of the Ring,2001,,Sala Baker ,...,Sauron
Lord of the Rings: The Fellowship of the Ring,2001,,Sean Bean ,...,Boromir
Lord of the Rings: The Fellowship of the Ring,2001,,Billy Boyd ,...,Pippin
Lord of the Rings: The Fellowship of the Ring,2001,,Andy Serkis ,...,Gollum (voice)
Lord of the Rings: The Fellowship of the Ring,2001,,Marton Csokas ,...,Celeborn
Lord of the Rings: The Fellowship of the Ring,2001,,Viggo Mortensen ,...,Aragorn
Lord of the Rings: The Fellowship of the Ring,2001,,Orlando Bloom ,...,Legolas
Lord of the Rings: The Fellowship of the Ring,2001,,Megan Edwards ,...,Mrs. Proudfoot
Lord of the Rings: The Fellowship of the Ring,2001,,Michael Elsworth ,...,Gondorian Archivist
Lord of the Rings: The Fellowship of the Ring,2001,,Cate Blanchett ,...,Galadriel
Lord of the Rings: The Fellowship of the Ring,2001,,Mark Ferguson ,...,Gil-galad
Lord of the Rings: The Fellowship of the Ring,2001,,Ian Holm ,...,Bilbo
Lord of the Rings: The Fellowship of the Ring,2001,,Christopher Lee ,...,Saruman
Lord of the Rings: The Fellowship of the Ring,2001,,Lawrence Makoare ,...,Lurtz
Lord of the Rings: The Fellowship of the Ring,2001,,Brent McIntyre ,...,Witch-king
Lord of the Rings: The Fellowship of the Ring,2001,,Ian McKellen ,...,Gandalf
Lord of the Rings: The Fellowship of the Ring,2001,,Peter McKenzie ,...,Elendil
Lord of the Rings: The Fellowship of the Ring,2001,,Sarah McLeod ,...,Rosie Cotton
Lord of the Rings: The Fellowship of the Ring,2001,,Dominic Monaghan ,...,Merry
Lord of the Rings: The Fellowship of the Ring,2001,,Ian Mune ,...,Bounder
Lord of the Rings: The Fellowship of the Ring,2001,,Craig Parker ,...,Haldir
Lord of the Rings: The Fellowship of the Ring,2001,,Cameron Rhodes ,...,Farmer Maggot
Lord of the Rings: The Fellowship of the Ring,2001,,John Rhys-Davies ,...,Gimli
Lord of the Rings: The Fellowship of the Ring,2001,,Martyn Sanderson ,...,Gate Keeper
Lord of the Rings: The Fellowship of the Ring,2001,,Brian Sergent ,...,Ted Sandyman (extended edition)
Lord of the Rings: The Fellowship of the Ring,2001,,Harry Sinclair ,...,Isildur
Lord of the Rings: The Fellowship of the Ring,2001,,Liv Tyler ,...,Arwen
Lord of the Rings: The Fellowship of the Ring,2001,,David Weatherley ,...,Barliman Butterbur
Lord of the Rings: The Fellowship of the Ring,2001,,Hugo Weaving ,...,Elrond
Lord of the Rings: The Fellowship of the Ring,2001,,Elijah Wood ,...,Frodo
Pride and Prejudice and Zombies,2016,,Lily James ,...,Elizabeth Bennet
Pride and Prejudice and Zombies,2016,,Sam Riley ,...,Mr. Darcy
Pride and Prejudice and Zombies,2016,,Bella Heathcote ,...,Jane Bennet
Pride and Prejudice and Zombies,2016,,Ellie Bamber ,...,Lydia Bennet
Pride and Prejudice and Zombies,2016,,Millie Brady ,...,Mary Bennet
Pride and Prejudice and Zombies,2016,,Suki Waterhouse ,...,Kitty Bennet
Pride and Prejudice and Zombies,2016,,Douglas Booth ,...,Mr. Bingley
Pride and Prejudice and Zombies,2016,,Sally Phillips ,...,Mrs. Bennet
Pride and Prejudice and Zombies,2016,,Charles Dance ,...,Mr. Bennet
Pride and Prejudice and Zombies,2016,,Jack Huston ,...,George Wickham
Pride and Prejudice and Zombies,2016,,Lena Headey ,...,Lady Catherine de Bourgh
Pride and Prejudice and Zombies,2016,,Matt Smith ,...,Parson Collins
Pride and Prejudice and Zombies,2016,,Emma Greenwell ,...,Caroline Bingley
Pride and Prejudice and Zombies,2016,,Eva Bell ,...,Louisa
Pride and Prejudice and Zombies,2016,,Aisling Loftus ,...,Charlotte
Pride and Prejudice and Zombies,2016,,Charlie Anson ,...,Mr. Hurst
Pride and Prejudice and Zombies,2016,,Tom Lorcan ,...,Lt. Denny
Pride and Prejudice and Zombies,2016,,Robert Fyfe ,...,Butler Edwin
Pride and Prejudice and Zombies,2016,,Dan Cohen ,...,Young Soldier
Pride and Prejudice and Zombies,2016,,Nicholas Murchie ,...,Franklin
Pride and Prejudice and Zombies,2016,,Kate Doherty ,...,Mrs. Kenicot
Pride and Prejudice and Zombies,2016,,Pippa Haywood ,...,Mrs. Long
Pride and Prejudice and Zombies,2016,,Bessie Cursons ,...,Lady Anne de Bourgh
Pride and Prejudice and Zombies,2016,,Morfydd Clark ,...,Georgiana
Pride and Prejudice and Zombies,2016,,Dolly Wells ,...,Mrs. Featherstone
Pride and Prejudice and Zombies,2016,,Hermione Corfield ,...,Cassandra
Pride and Prejudice and Zombies,2016,,Pooky Quesnel ,...,Mrs. Phillips
Pride and Prejudice and Zombies,2016,,Janet Henfrey ,...,Dowager
Pride and Prejudice and Zombies,2016,,Richard Braine ,...,Black Suited Man
Pride and Prejudice and Zombies,2016,,Robert Morgan ,...,Mr. Phillips
Pride and Prejudice and Zombies,2016,,Jonathan Oliver ,...,Priest
Pride and Prejudice and Zombies,2016,,Angus Kennedy ,...,Mr. Kingston
Mamma Mia! Here We Go Again,2018,,Amanda Seyfried ,...,Sophie
Mamma Mia! Here We Go Again,2018,,Andy Garcia ,...,Fernando Cienfuegos
Mamma Mia! Here We Go Again,2018,,Celia Imrie ,...,Vice Chancellor
Mamma Mia! Here We Go Again,2018,,Lily James ,...,Young Donna
Mamma Mia! Here We Go Again,2018,,Alexa Davies ,...,Young Rosie
Mamma Mia! Here We Go Again,2018,,Jessica Keenan Wynn ,...,Young Tanya
Mamma Mia! Here We Go Again,2018,,Dominic Cooper ,...,Sky
Mamma Mia! Here We Go Again,2018,,Julie Walters ,...,Rosie
Mamma Mia! Here We Go Again,2018,,Christine Baranski ,...,Tanya
Mamma Mia! Here We Go Again,2018,,Hugh Skinner ,...,Young Harry
Mamma Mia! Here We Go Again,2018,,Pierce Brosnan ,...,Sam
Mamma Mia! Here We Go Again,2018,,Omid Djalili ,...,Greek Official
Mamma Mia! Here We Go Again,2018,,Josh Dylan ,...,Young Bill
Mamma Mia! Here We Go Again,2018,,Gerard Monaco ,...,Alexio
Mamma Mia! Here We Go Again,2018,,Anna Antoniades ,...,Apollonia
Mamma Mia! Here We Go Again,2018,,Jeremy Irvine ,...,Young Sam
Mamma Mia! Here We Go Again,2018,,Panos Mouzourakis ,...,Lazaros
Mamma Mia! Here We Go Again,2018,,Maria Vacratsis ,...,Sofia
Mamma Mia! Here We Go Again,2018,,Naoko Mori ,...,Yumiko
Mamma Mia! Here We Go Again,2018,,Togo Igawa ,...,Mr. Tatyama
Mamma Mia! Here We Go Again,2018,,Colin Firth ,...,Harry
Mamma Mia! Here We Go Again,2018,,Anastasia Hille ,...,Dr. Inge Horvath
Mamma Mia! Here We Go Again,2018,,Stellan Skarsgård ,...,Bill / Kurt
Mamma Mia! Here We Go Again,2018,,Susanne Barklund ,...,Alma
Mamma Mia! Here We Go Again,2018,,Cher ,...,Ruby Sheridan
Mamma Mia! Here We Go Again,2018,,Jonathan Goldsmith ,...,Brother Cienfuegos
Mamma Mia! Here We Go Again,2018,,Meryl Streep ,...,Donna
Nanny McPhee,2005,,Emma Thompson ,...,Nanny McPhee
Nanny McPhee,2005,,Colin Firth ,...,Mr. Brown
Nanny McPhee,2005,,Kelly Macdonald ,...,Evangeline
Nanny McPhee,2005,,Thomas Brodie-Sangster ,...,Simon (as Thomas Sangster)
Nanny McPhee,2005,,Eliza Bennett ,...,Tora
Nanny McPhee,2005,,Jennifer Rae Daykin ,...,Lily
Nanny McPhee,2005,,Raphaël Coleman ,...,Eric
Nanny McPhee,2005,,Samuel Honywood ,...,Sebastian
Nanny McPhee,2005,,Holly Gibbs ,...,Christianna
Nanny McPhee,2005,,Hebe Barnes ,...,Baby Agatha
Nanny McPhee,2005,,Zinnia Barnes ,...,Baby Agatha
Nanny McPhee,2005,,Angela Lansbury ,...,Aunt Adelaide
Nanny McPhee,2005,,Celia Imrie ,...,Mrs Quickly
Nanny McPhee,2005,,Imelda Staunton ,...,Mrs Blatherwick
Nanny McPhee,2005,,Elizabeth Berrington ,...,Letitia
Nanny McPhee,2005,,Derek Jacobi ,...,Mr Wheen
Nanny McPhee,2005,,Patrick Barlow ,...,Mr Jowls
Nanny McPhee,2005,,Adam Godley ,...,Vicar
Nanny McPhee,2005,,Claire Downes ,...,Nanny Whetstone
Love Actually,2003,,Bill Nighy ,...,Billy Mack
Love Actually,2003,,Gregor Fisher ,...,Joe
Love Actually,2003,,Rory MacGregor ,...,Engineer
Love Actually,2003,,Colin Firth ,...,Jamie
Love Actually,2003,,Sienna Guillory ,...,Jamie's Girlfriend
Love Actually,2003,,Liam Neeson ,...,Daniel
Love Actually,2003,,Emma Thompson ,...,Karen
Love Actually,2003,,Lulu Popplewell ,...,Daisy - Her Daughter
Love Actually,2003,,Kris Marshall ,...,Colin Frissell
Love Actually,2003,,Heike Makatsch ,...,Mia
Love Actually,2003,,Martin Freeman ,...,John
Love Actually,2003,,Joanna Page ,...,Just Judy
Love Actually,2003,,Chiwetel Ejiofor ,...,Peter
Love Actually,2003,,Andrew Lincoln ,...,Mark
Love Actually,2003,,Keira Knightley ,...,Juliet
Love Actually,2003,,Hugh Grant ,...,The Prime Minister
Love Actually,2003,,Nina Sosanya ,...,Annie
Love Actually,2003,,Frank Moorey ,...,Terence - Who's in Charge
Love Actually,2003,,Jill Freud ,...,Pat the Housekeeper
Love Actually,2003,,Martine McCutcheon ,...,Natalie
Love Actually,2003,,Tim Hatwell ,...,Vicar
Love Actually,2003,,Laura Linney ,...,Sarah
Love Actually,2003,,Lynden David Hall ,...,The Wedding Singer
Love Actually,2003,,The Big Blue ,...,Church Musicians
Love Actually,2003,,Jont Whittington ,...,Guitarist
Love Actually,2003,,Dan Fredenburgh ,...,Jamie's Bad Brother
Love Actually,2003,,Julia Davis ,...,Nancy the Caterer
Love Actually,2003,,Abdul Salis ,...,Tony
Love Actually,2003,,Alan Barnes ,...,Movie Director
Love Actually,2003,,Shaughan Seymour ,...,Movie Cameraman
Love Actually,2003,,Helen Murton ,...,Funeral Priest
Love Actually,2003,,Edward Hardwicke ,...,Sam's Grandfather
Love Actually,2003,,Caroline John ,...,Sam's Grandmother
Love Actually,2003,,Thomas Brodie-Sangster ,...,Sam (as Thomas Sangster)
Love Actually,2003,,Gemma Aston ,...,Family Mourner
Love Actually,2003,,Matt Harvey ,...,Family Mourner
Love Actually,2003,,Adrian Preater ,...,Family Mourner
Love Actually,2003,,Joanna Thaw ,...,Family Mourner
Love Actually,2003,,Junior Simpson ,...,Wedding DJ
Love Actually,2003,,Alan Rickman ,...,Harry
Love Actually,2003,,Rodrigo Santoro ,...,Karl
Love Actually,2003,,Brian Bovell ,...,Radio Watford DJ
Love Actually,2003,,Sarah McDougall ,...,Receptionist
Love Actually,2003,,Marcus Brigstocke ,...,Mikey - DJ Interviewer
Love Actually,2003,,Richard Hawley ,...,Alex - Deputy Prime Minister
Love Actually,2003,,Wyllie Longmore ,...,Jeremy
Love Actually,2003,,Gillian Barge ,...,Cabinet Minister
Love Actually,2003,,Richard Cotton ,...,Cabinet Minister (as Richard Wills-Cotton)
Love Actually,2003,,Kate Bowes Renna ,...,Cabinet Minister
Love Actually,2003,,Kate Glover ,...,Cabinet Minister
Love Actually,2003,,Nicola McRoy ,...,Cabinet Minister
Love Actually,2003,,Anthony McPartlin ,...,Ant
Love Actually,2003,,Declan Donnelly ,...,Dec
Love Actually,2003,,Elisabeth Margoni ,...,Eleonore (as Elizabeth Margoni)
Love Actually,2003,,Lúcia Moniz ,...,Aurelia (as Lucia Moniz)
Love Actually,2003,,Billy Bob Thornton ,...,The US President
Love Actually,2003,,Peter Marinker ,...,US Expert
Love Actually,2003,,Keir Charles ,...,Press Conference Reporter
Love Actually,2003,,Doraly Rosen ,...,Press Conference Reporter
Love Actually,2003,,Meg Wynn Owen ,...,PM's Secretary
Love Actually,2003,,Carol Carey ,...,Natalie's Replacement
Love Actually,2003,,Jo Whiley ,...,Radio DJ
Love Actually,2003,,Sarah Atkinson ,...,Billy's Video Vixen
Love Actually,2003,,Clare Bennett ,...,Billy's Video Vixen
Love Actually,2003,,Sarah Holland ,...,Billy's Video Vixen
Love Actually,2003,,Vicki Murdoch ,...,Billy's Video Vixen
Love Actually,2003,,Meredith Ostrom ,...,Billy's Video Vixen
Love Actually,2003,,Katherine Poulton ,...,Billy's Video Vixen
Love Actually,2003,,Tuuli Shipster ,...,Billy's Video Vixen (as Tuuli)
Love Actually,2003,,Michael Parkinson ,...,Parky
Love Actually,2003,,Michael Fitzgerald ,...,Michael - Sarah's Brother
Love Actually,2003,,Ciaran O'Driscoll ,...,Hospital Patient
Love Actually,2003,,Rowan Atkinson ,...,Rufus - Jewellery Salesman
Love Actually,2003,,William Wadham ,...,Bernie - Karen's Son
Love Actually,2003,,Catia Duarte ,...,Language Student
Love Actually,2003,,Igor Urdenko ,...,Language Student
Love Actually,2003,,Nat Udom ,...,Language Student
Love Actually,2003,,Ines Boughanmi ,...,Language Student
Love Actually,2003,,Yuk Sim Yau ,...,Language Student
Love Actually,2003,,John Sharian ,...,Wisconsin Taxi Driver
Love Actually,2003,,Glenn Conroy ,...,Barman
Love Actually,2003,,Ivana Milicevic ,...,Stacey - American Dreamgirl
Love Actually,2003,,January Jones ,...,Jeannie - American Angel
Love Actually,2003,,Elisha Cuthbert ,...,Carol-Anne - American Goddess
Love Actually,2003,,Wes Butters ,...,Radio 1 Chart Show DJ
Love Actually,2003,,Laura Rees ,...,Record Company Executive
Love Actually,2003,,Emma Buckley ,...,Jamie's Sister
Love Actually,2003,,Sheila Allen ,...,Jamie's Mum
Love Actually,2003,,Terry Reece ,...,PM's Chauffeur - Terry
Love Actually,2003,,Colin Coull ,...,PM's Bodyguard - Gavin
Love Actually,2003,,Margery Mason ,...,Harris Street Old Lady
Love Actually,2003,,Katharine Bailey ,...,Harris Street Little Girl
Love Actually,2003,,Tiffany Boysell ,...,Her Friend
Love Actually,2003,,Georgia Flint ,...,Her Friend
Love Actually,2003,,Joanna Bacon ,...,Natalie's Mum
Love Actually,2003,,Bill Moody ,...,Natalie's Dad
Love Actually,2003,,Billy Campbell ,...,Natalie's Octopus Brother
Love Actually,2003,,Paul Slack ,...,John's Brother
Love Actually,2003,,Adam Godley ,...,Mr. Trench
Love Actually,2003,,Olivia Olson ,...,Joanna Anderson
Love Actually,2003,,Ruby Turner ,...,Mrs. Jean Anderson
Love Actually,2003,,Amanda Garwood ,...,Backing-singer Teacher
Love Actually,2003,,Arturo Venegas ,...,Mr. Anderson
Love Actually,2003,,Claudia Schiffer ,...,Carol
Emma,2020,,Anya Taylor-Joy ,...,Emma Woodhouse
Emma,2020,,Johnny Flynn ,...,Mr. Knightley
Emma,2020,,Josh O'Connor ,...,Mr. Elton
Emma,2020,,Callum Turner ,...,Frank Churchhill
Emma,2020,,Mia Goth ,...,Harriet Smith
Emma,2020,,Miranda Hart ,...,Miss Bates
Emma,2020,,Bill Nighy ,...,Mr. Woodhouse
Emma,2020,,Rupert Graves ,...,Mr. Weston
Emma,2020,,Gemma Whelan ,...,Miss Taylor / Mrs. Weston
Emma,2020,,Amber Anderson ,...,Jane Fairfax
Emma,2020,,Angus Imrie ,...,Bartholomew
Emma,2020,,Letty Thomas ,...,Biddy
Emma,2020,,Aidan White ,...,Hartfield Butler
Emma,2020,,Edward Davis ,...,Charles
Emma,2020,,Chris White ,...,"James, Hartfield Coachman"
Emma,2020,,Myra McFadyen ,...,Mrs. Bates
Emma,2020,,Esther Coles ,...,Mrs. Cox
Emma,2020,,Suzy Bloom ,...,Miss Gilbert
Emma,2020,,Suzanne Toase ,...,Mrs. Cole (as Suzie Toase)
Emma,2020,,Nicholas Burns ,...,Mr. Cole
Emma,2020,,Connor Dalton ,...,Donwell Footman
Emma,2020,,Lucy Briers ,...,Mrs. Reynolds
Emma,2020,,Anna Francolini ,...,Mrs. Goddard
Emma,2020,,Connor Swindells ,...,Robert Martin
Emma,2020,,Christopher Godwin ,...,Mr. Perrie
Emma,2020,,Vanessa Owen ,...,Catherine Martin
Emma,2020,,Isis Hainsworth ,...,Elizabeth Martin
Emma,2020,,Hannah Stokely ,...,Mrs. Martin
Emma,2020,,Charlotte Weston ,...,Mrs. Ford
Emma,2020,,Max Toovey ,...,Henry Knightley
Emma,2020,,Cecelia Jacob ,...,Bella Knightley
Emma,2020,,Cody Gipson ,...,John Knightley Jnr.
Emma,2020,,Tabitha Coop ,...,Emma Knightley
Emma,2020,,Juno Coop ,...,Emma Knightley
Emma,2020,,Chloe Pirrie ,...,Isabella Knightley
Emma,2020,,Oliver Chris ,...,John Knightley
Emma,2020,,Rose Shalloo ,...,"Hannah, Randalls Maid"
Emma,2020,,Tanya Reynolds ,...,Mrs. Elton
